Chr;start;end;value
Chr1;1;100;0.15
Chr1;101;200;0.16
Chr1;201;300;0.27
Chr1;301;400;0.23
Chr1;401;500;0.29
Chr1;501;600;0.29
Chr1;601;700;0.26
Chr1;701;800;0.26
Chr1;801;900;0.21
Chr1;901;1000;0.23
Chr1;1001;1100;0.27
Chr1;1101;1200;0.11
Chr1;1201;1300;0.15
Chr1;1301;1400;0.2
Chr1;1401;1500;0.21
Chr1;1501;1600;0.2
Chr1;1601;1700;0.1
Chr1;1701;1800;0.23
Chr1;1801;1900;0.17
Chr1;1901;2000;0.14
Chr1;2001;2100;0.24
Chr1;2101;2200;0.19
Chr1;2201;2300;0.15
Chr1;2301;2400;0.18
Chr1;2401;2500;0.19
Chr1;2501;2600;0.24
Chr1;2601;2700;0.22
Chr1;2701;2800;0.23
Chr1;2801;2900;0.22
Chr1;2901;3000;0.19
Chr1;3001;3100;0.3
Chr1;3101;3200;0.23
Chr1;3201;3300;0.21
Chr1;3301;3400;0.29
Chr1;3401;3500;0.29
Chr1;3501;3600;0.3
Chr1;3601;3700;0.11
Chr1;3701;3800;0.2
Chr1;3801;3900;0.15
Chr1;3901;4000;0.21
Chr1;4001;4100;0.14
Chr1;4101;4200;0.2
Chr1;4201;4300;0.2
Chr1;4301;4400;0.16
Chr1;4401;4500;0.17
Chr1;4501;4600;0.24
Chr1;4601;4700;0.22
Chr1;4701;4800;0.1
Chr1;4801;4900;0.18
Chr1;4901;5000;0.14
Chr1;5001;5100;0.18
Chr1;5101;5200;0.17
Chr1;5201;5300;0.18
Chr1;5301;5400;0.11
Chr1;5401;5500;0.18
Chr1;5501;5600;0.17
Chr1;5601;5700;0.24
Chr1;5701;5800;0.3
Chr1;5801;5900;0.14
Chr1;5901;6000;0.16
Chr1;6001;6100;0.23
Chr1;6101;6200;0.18
Chr1;6201;6300;0.16
Chr1;6301;6400;0.21
Chr1;6401;6500;0.13
Chr1;6501;6600;0.16
Chr1;6601;6700;0.14
Chr1;6701;6800;0.2
Chr1;6801;6900;0.11
Chr1;6901;7000;0.16
Chr1;7001;7100;0.13
Chr1;7101;7200;0.14
Chr1;7201;7300;0.31
Chr1;7301;7400;0.19
Chr1;7401;7500;0.29
Chr1;7501;7600;0.12
Chr1;7601;7700;0.3
Chr1;7701;7800;0.13
Chr1;7801;7900;0.17
Chr1;7901;8000;0.13
Chr1;8001;8100;0.11
Chr1;8101;8200;0.13
Chr1;8201;8300;0.25
Chr1;8301;8400;0.21
Chr1;8401;8500;0.31
Chr1;8501;8600;0.32
Chr1;8601;8700;0.32
Chr1;8701;8800;0.11
Chr1;8801;8900;0.2
Chr1;8901;9000;0.24
Chr1;9001;9100;0.18
Chr1;9101;9200;0.23
Chr1;9201;9300;0.2
Chr1;9301;9400;0.22
Chr1;9401;9500;0.28
Chr1;9501;9600;0.28
Chr1;9601;9700;0.26
Chr1;9701;9800;0.28
Chr1;9801;9900;0.23
Chr1;9901;10000;0.17
Chr1;10001;10100;0.23
Chr1;10101;10200;0.26
Chr1;10201;10300;0.26
Chr1;10301;10400;0.25
Chr1;10401;10500;0.2
Chr1;10501;10600;0.24
Chr1;10601;10700;0.14
Chr1;10701;10800;0.29
Chr1;10801;10900;0.35
Chr1;10901;11000;0.29
Chr1;11001;11100;0.32
Chr1;11101;11200;0.19
Chr1;11201;11300;0.13
Chr1;11301;11400;0.26
Chr1;11401;11500;0.19
Chr1;11501;11600;0.21
Chr1;11601;11700;0.17
Chr1;11701;11800;0.27
Chr1;11801;11900;0.23
Chr1;11901;12000;0.24
Chr1;12001;12100;0.39
Chr1;12101;12200;0.2
Chr1;12201;12300;0.19
Chr1;12301;12400;0.26
Chr1;12401;12500;0.11
Chr1;12501;12600;0.19
Chr1;12601;12700;0.23
Chr1;12701;12800;0.24
Chr1;12801;12900;0.25
Chr1;12901;13000;0.25
Chr1;13001;13100;0.23
Chr1;13101;13200;0.26
Chr1;13201;13300;0.27
Chr1;13301;13400;0.26
Chr1;13401;13500;0.19
Chr1;13501;13600;0.21
Chr1;13601;13700;0.14
Chr1;13701;13800;0.15
Chr1;13801;13900;0.22
Chr1;13901;14000;0.18
Chr1;14001;14100;0.2
Chr1;14101;14200;0.34
Chr1;14201;14300;0.25
Chr1;14301;14400;0.31
Chr1;14401;14500;0.37
Chr1;14501;14600;0.36
Chr1;14601;14700;0.36
Chr1;14701;14800;0.31
Chr1;14801;14900;0.13
Chr1;14901;15000;0.23
Chr1;15001;15100;0.14
Chr1;15101;15200;0.2
Chr1;15201;15300;0.27
Chr1;15301;15400;0.23
Chr1;15401;15500;0.26
Chr1;15501;15600;0.26
Chr1;15601;15700;0.24
Chr1;15701;15800;0.35
Chr1;15801;15900;0.3
Chr1;15901;16000;0.23
Chr1;16001;16100;0.26
Chr1;16101;16200;0.22
Chr1;16201;16300;0.22
Chr1;16301;16400;0.11
Chr1;16401;16500;0.24
Chr1;16501;16600;0.25
Chr1;16601;16700;0.2
Chr1;16701;16800;0.22
Chr1;16801;16900;0.34
Chr1;16901;17000;0.31
Chr1;17001;17100;0.25
Chr1;17101;17200;0.36
Chr1;17201;17300;0.32
Chr1;17301;17400;0.16
Chr1;17401;17500;0.14
Chr1;17501;17600;0.24
Chr1;17601;17700;0.39
Chr1;17701;17800;0.28
Chr1;17801;17900;0.18
Chr1;17901;18000;0.22
Chr1;18001;18100;0.15
Chr1;18101;18200;0.25
Chr1;18201;18300;0.2
Chr1;18301;18400;0.17
Chr1;18401;18500;0.09
Chr1;18501;18600;0.19
Chr1;18601;18700;0.23
Chr1;18701;18800;0.14
Chr1;18801;18900;0.22
Chr1;18901;19000;0.25
Chr1;19001;19100;0.19
Chr1;19101;19200;0.08
Chr1;19201;19300;0.21
Chr1;19301;19400;0.24
Chr1;19401;19500;0.07
Chr1;19501;19600;0.3
Chr1;19601;19700;0.28
Chr1;19701;19800;0.29
Chr1;19801;19900;0.25
Chr1;19901;20000;0.23
Chr1;20001;20100;0.26
Chr1;20101;20200;0.18
Chr1;20201;20300;0.24
Chr1;20301;20400;0.27
Chr1;20401;20500;0.24
Chr1;20501;20600;0.23
Chr1;20601;20700;0.3
Chr1;20701;20800;0.26
Chr1;20801;20900;0.28
Chr1;20901;21000;0.14
Chr1;21001;21100;0.21
Chr1;21101;21200;0.2
Chr1;21201;21300;0.2
Chr1;21301;21400;0.1
Chr1;21401;21500;0.22
Chr1;21501;21600;0.34
Chr1;21601;21700;0.21
Chr1;21701;21800;0.15
Chr1;21801;21900;0.2
Chr1;21901;22000;0.26
Chr1;22001;22100;0.12
Chr1;22101;22200;0.14
Chr1;22201;22300;0.18
Chr1;22301;22400;0.19
Chr1;22401;22500;0.24
Chr1;22501;22600;0.13
Chr1;22601;22700;0.13
Chr1;22701;22800;0.18
Chr1;22801;22900;0.1
Chr1;22901;23000;0.16
Chr1;23001;23100;0.28
Chr1;23101;23200;0.18
Chr1;23201;23300;0.23
Chr1;23301;23400;0.17
Chr1;23401;23500;0.21
Chr1;23501;23600;0.18
Chr1;23601;23700;0.27
Chr1;23701;23800;0.23
Chr1;23801;23900;0.36
Chr1;23901;24000;0.15
Chr1;24001;24100;0.98
Chr1;24101;24200;1
Chr1;24201;24300;0.84
Chr1;24301;24400;0.34
Chr1;24401;24500;0.29
Chr1;24501;24600;0.43
Chr1;24601;24700;0.08
Chr1;24701;24800;0.35
Chr1;24801;24900;0.28
Chr1;24901;25000;0.38
Chr1;25001;25100;0.1
Chr1;25101;25200;0.4
Chr1;25201;25300;0.13
Chr1;25301;25400;0.34
Chr1;25401;25500;0.31
Chr1;25501;25600;0.28
Chr1;25601;25700;0.32
Chr1;25701;25800;0.37
Chr1;25801;25900;0.32
Chr1;25901;26000;0.19
Chr1;26001;26100;0.3
Chr1;26101;26200;0.26
Chr1;26201;26300;0.21
Chr1;26301;26400;0.27
Chr1;26401;26500;0.34
Chr1;26501;26600;0.18
Chr1;26601;26700;0.12
Chr1;26701;26800;0.14
Chr1;26801;26900;0.13
Chr1;26901;27000;0.13
Chr1;27001;27100;0.22
Chr1;27101;27200;0.2
Chr1;27201;27300;0.18
Chr1;27301;27400;0.24
Chr1;27401;27500;0.21
Chr1;27501;27600;0.22
Chr1;27601;27700;0.26
Chr1;27701;27800;0.15
Chr1;27801;27900;0.19
Chr1;27901;28000;0.21
Chr1;28001;28100;0.17
Chr1;28101;28200;0.14
Chr1;28201;28300;0.25
Chr1;28301;28400;0.15
Chr1;28401;28500;0.2
Chr1;28501;28600;0.16
Chr1;28601;28700;0.09
Chr1;28701;28800;0.19
Chr1;28801;28900;0.2
Chr1;28901;29000;0.09
Chr1;29001;29100;0.14
Chr1;29101;29200;0.16
Chr1;29201;29300;0.13
Chr1;29301;29400;0.18
Chr1;29401;29500;0.25
Chr1;29501;29600;0.24
Chr1;29601;29700;0.23
Chr1;29701;29800;0.24
Chr1;29801;29900;0.13
Chr1;29901;30000;0.24
Chr1;30001;30100;0.21
Chr1;30101;30200;0.22
Chr1;30201;30300;0.19
Chr1;30301;30400;0.13
Chr1;30401;30500;0.23
Chr1;30501;30600;0.17
Chr1;30601;30700;0.21
Chr1;30701;30800;0.26
Chr1;30801;30900;0.14
Chr1;30901;31000;0.21
Chr1;31001;31100;0.21
Chr1;31101;31200;0.25
Chr1;31201;31300;0.25
Chr1;31301;31400;0.16
Chr1;31401;31500;0.23
Chr1;31501;31600;0.21
Chr1;31601;31700;0.28
Chr1;31701;31800;0.16
Chr1;31801;31900;0.21
Chr1;31901;32000;0.22
Chr1;32001;32100;0.24
Chr1;32101;32200;0.21
Chr1;32201;32300;0.14
Chr1;32301;32400;0.08
Chr1;32401;32500;0.21
Chr1;32501;32600;0.23
Chr1;32601;32700;0.23
Chr1;32701;32800;0.21
Chr1;32801;32900;0.09
Chr1;32901;33000;0.21
Chr1;33001;33100;0.18
Chr1;33101;33200;0.22
Chr1;33201;33300;0.19
Chr1;33301;33400;0.18
Chr1;33401;33500;0.21
Chr1;33501;33600;0.23
Chr1;33601;33700;0.21
Chr1;33701;33800;0.19
Chr1;33801;33900;0.17
Chr1;33901;34000;0.17
Chr1;34001;34100;0.2
Chr1;34101;34200;0.22
Chr1;34201;34300;0.23
Chr1;34301;34400;0.19
Chr1;34401;34500;0.25
Chr1;34501;34600;0.23
Chr1;34601;34700;0.25
Chr1;34701;34800;0.21
Chr1;34801;34900;0.17
Chr1;34901;35000;0.21
Chr1;35001;35100;0.2
Chr1;35101;35200;0.21
Chr1;35201;35300;0.28
Chr1;35301;35400;0.22
Chr1;35401;35500;0.18
Chr1;35501;35600;0.21
Chr1;35601;35700;0.22
Chr1;35701;35800;0.23
Chr1;35801;35900;0.17
Chr1;35901;36000;0.19
Chr1;36001;36100;0.19
Chr1;36101;36200;0.22
Chr1;36201;36300;0.21
Chr1;36301;36400;0.2
Chr1;36401;36500;0.21
Chr1;36501;36600;0.21
Chr1;36601;36700;0.18
Chr1;36701;36800;0.2
Chr1;36801;36900;0.21
Chr1;36901;37000;0.21
Chr1;37001;37100;0.14
Chr1;37101;37200;0.16
Chr1;37201;37300;0.21
Chr1;37301;37400;0.17
Chr1;37401;37500;0.23
Chr1;37501;37600;0.13
Chr1;37601;37700;0.11
Chr1;37701;37800;0.22
Chr1;37801;37900;0.22
Chr1;37901;38000;0.19
Chr1;38001;38100;0.14
Chr1;38101;38200;0.27
Chr1;38201;38300;0.17
Chr1;38301;38400;0.19
Chr1;38401;38500;0.21
Chr1;38501;38600;0.1
Chr1;38601;38700;0.16
Chr1;38701;38800;0.17
Chr1;38801;38900;0.18
Chr1;38901;39000;0.27
Chr1;39001;39100;0.23
Chr1;39101;39200;0.24
Chr1;39201;39300;0.2
Chr1;39301;39400;0.3
Chr1;39401;39500;0.4
Chr1;39501;39600;0.13
Chr1;39601;39700;0.16
Chr1;39701;39800;0.17
Chr1;39801;39900;0.27
Chr1;39901;40000;0.25
Chr1;40001;40100;0.22
Chr1;40101;40200;0.13
Chr1;40201;40300;0.19
Chr1;40301;40400;0.21
Chr1;40401;40500;0.26
Chr1;40501;40600;0.2
Chr1;40601;40700;0.16
Chr1;40701;40800;0.11
Chr1;40801;40900;0.19
Chr1;40901;41000;0.16
Chr1;41001;41100;0.24
Chr1;41101;41200;0.21
Chr1;41201;41300;0.14
Chr1;41301;41400;0.16
Chr1;41401;41500;0.15
Chr1;41501;41600;0.12
Chr1;41601;41700;0.11
Chr1;41701;41800;0.25
Chr1;41801;41900;0.1
Chr1;41901;42000;0.26
Chr1;42001;42100;0.22
Chr1;42101;42200;0.21
Chr1;42201;42300;0.28
Chr1;42301;42400;0.15
Chr1;42401;42500;0.17
Chr1;42501;42600;0.22
Chr1;42601;42700;0.39
Chr1;42701;42800;0.43
Chr1;42801;42900;1
Chr1;42901;43000;1
Chr1;43001;43100;1
Chr1;43101;43200;1
Chr1;43201;43300;1
Chr1;43301;43400;0.42
Chr1;43401;43500;0.38
Chr1;43501;43600;0.22
Chr1;43601;43700;0.2
Chr1;43701;43800;0.33
Chr1;43801;43900;0.1
Chr1;43901;44000;0.28
Chr1;44001;44100;0.39
Chr1;44101;44200;0.21
Chr1;44201;44300;0.32
Chr1;44301;44400;0.24
Chr1;44401;44500;0.22
Chr1;44501;44600;0.12
Chr1;44601;44700;0.21
Chr1;44701;44800;0.27
Chr1;44801;44900;0.97
Chr1;44901;45000;1
Chr1;45001;45100;1
Chr1;45101;45200;0.57
Chr1;45201;45300;0.37
Chr1;45301;45400;0.14
Chr1;45401;45500;0.19
Chr1;45501;45600;0.13
Chr1;45601;45700;0.23
Chr1;45701;45800;0.22
Chr1;45801;45900;0.15
Chr1;45901;46000;0.17
Chr1;46001;46100;0.19
Chr1;46101;46200;0.2
Chr1;46201;46300;0.19
Chr1;46301;46400;0.21
Chr1;46401;46500;0.29
Chr1;46501;46600;0.36
Chr1;46601;46700;0.21
Chr1;46701;46800;0.28
Chr1;46801;46900;0.25
Chr1;46901;47000;0.19
Chr1;47001;47100;0.27
Chr1;47101;47200;0.26
Chr1;47201;47300;0.22
Chr1;47301;47400;0.22
Chr1;47401;47500;0.23
Chr1;47501;47600;0.25
Chr1;47601;47700;0.28
Chr1;47701;47800;0.18
Chr1;47801;47900;0.26
Chr1;47901;48000;0.14
Chr1;48001;48100;0.16
Chr1;48101;48200;0.14
Chr1;48201;48300;0.21
Chr1;48301;48400;0.21
Chr1;48401;48500;0.31
Chr1;48501;48600;0.35
Chr1;48601;48700;0.24
Chr1;48701;48800;0.17
Chr1;48801;48900;0.16
Chr1;48901;49000;0.21
Chr1;49001;49100;0.21
Chr1;49101;49200;0.14
Chr1;49201;49300;0.22
Chr1;49301;49400;0.15
Chr1;49401;49500;0.1
Chr1;49501;49600;0.14
Chr1;49601;49700;0.22
Chr1;49701;49800;0.19
Chr1;49801;49900;0.06
Chr1;49901;50000;0.17
Chr1;50001;50100;0.19
Chr1;50101;50200;0.23
Chr1;50201;50300;0.13
Chr1;50301;50400;0.18
Chr1;50401;50500;0.31
Chr1;50501;50600;0.28
Chr1;50601;50700;0.19
Chr1;50701;50800;0.16
Chr1;50801;50900;0.1
Chr1;50901;51000;0.19
Chr1;51001;51100;0.25
Chr1;51101;51200;0.21
Chr1;51201;51300;0.15
Chr1;51301;51400;0.17
Chr1;51401;51500;0.29
Chr1;51501;51600;0.26
Chr1;51601;51700;0.15
Chr1;51701;51800;0.22
Chr1;51801;51900;0.19
Chr1;51901;52000;0.2
Chr1;52001;52100;0.2
Chr1;52101;52200;0.23
Chr1;52201;52300;0.27
Chr1;52301;52400;0.21
Chr1;52401;52500;0.22
Chr1;52501;52600;0.22
Chr1;52601;52700;0.21
Chr1;52701;52800;0.22
Chr1;52801;52900;0.19
Chr1;52901;53000;0.17
Chr1;53001;53100;0.23
Chr1;53101;53200;0.22
Chr1;53201;53300;0.23
Chr1;53301;53400;0.18
Chr1;53401;53500;0.26
Chr1;53501;53600;0.22
Chr1;53601;53700;0.18
Chr1;53701;53800;0.22
Chr1;53801;53900;0.17
Chr1;53901;54000;0.19
Chr1;54001;54100;0.3
Chr1;54101;54200;0.14
Chr1;54201;54300;0.17
Chr1;54301;54400;0.16
Chr1;54401;54500;0.16
Chr1;54501;54600;0.2
Chr1;54601;54700;0.21
Chr1;54701;54800;0.21
Chr1;54801;54900;0.25
Chr1;54901;55000;0.18
Chr1;55001;55100;0.22
Chr1;55101;55200;0.22
Chr1;55201;55300;0.16
Chr1;55301;55400;0.19
Chr1;55401;55500;0.21
Chr1;55501;55600;0.25
Chr1;55601;55700;0.27
Chr1;55701;55800;0.25
Chr1;55801;55900;0.16
Chr1;55901;56000;0.22
Chr1;56001;56100;0.16
Chr1;56101;56200;0.15
Chr1;56201;56300;0.26
Chr1;56301;56400;0.18
Chr1;56401;56500;0.17
Chr1;56501;56600;0.22
Chr1;56601;56700;0.14
Chr1;56701;56800;0.21
Chr1;56801;56900;0.24
Chr1;56901;57000;0.22
Chr1;57001;57100;0.21
Chr1;57101;57200;0.24
Chr1;57201;57300;0.11
Chr1;57301;57400;0.14
Chr1;57401;57500;0.14
Chr1;57501;57600;0.32
Chr1;57601;57700;0.22
Chr1;57701;57800;0.31
Chr1;57801;57900;0.34
Chr1;57901;58000;0.32
Chr1;58001;58100;0.34
Chr1;58101;58200;0.33
Chr1;58201;58300;0.32
Chr1;58301;58400;0.34
Chr1;58401;58500;0.34
Chr1;58501;58600;0.33
Chr1;58601;58700;0.33
Chr1;58701;58800;0.3
Chr1;58801;58900;0.18
Chr1;58901;59000;0.19
Chr1;59001;59100;0.23
Chr1;59101;59200;0.24
Chr1;59201;59300;0.11
Chr1;59301;59400;0.21
Chr1;59401;59500;0.31
Chr1;59501;59600;0.28
Chr1;59601;59700;0.27
Chr1;59701;59800;0.4
Chr1;59801;59900;0.28
Chr1;59901;60000;0.15
Chr1;60001;60100;0.12
Chr1;60101;60200;0.15
Chr1;60201;60300;0.19
Chr1;60301;60400;0.23
Chr1;60401;60500;0.18
Chr1;60501;60600;0.15
Chr1;60601;60700;0.3
Chr1;60701;60800;0.19
Chr1;60801;60900;0.2
Chr1;60901;61000;0.19
Chr1;61001;61100;0.21
Chr1;61101;61200;0.25
Chr1;61201;61300;0.28
Chr1;61301;61400;0.3
Chr1;61401;61500;0.24
Chr1;61501;61600;0.23
Chr1;61601;61700;0.14
Chr1;61701;61800;0.3
Chr1;61801;61900;0.26
Chr1;61901;62000;0.25
Chr1;62001;62100;0.14
Chr1;62101;62200;0.16
Chr1;62201;62300;0.23
Chr1;62301;62400;0.18
Chr1;62401;62500;0.26
Chr1;62501;62600;0.42
Chr1;62601;62700;0.15
Chr1;62701;62800;0.8
Chr1;62801;62900;1
Chr1;62901;63000;0.86
Chr1;63001;63100;0.25
Chr1;63101;63200;0.32
Chr1;63201;63300;0.36
Chr1;63301;63400;0.24
Chr1;63401;63500;0.24
Chr1;63501;63600;0.17
Chr1;63601;63700;0.28
Chr1;63701;63800;0.17
Chr1;63801;63900;0.21
Chr1;63901;64000;0.25
Chr1;64001;64100;0.2
Chr1;64101;64200;0.21
Chr1;64201;64300;0.21
Chr1;64301;64400;0.19
Chr1;64401;64500;0.22
Chr1;64501;64600;0.24
Chr1;64601;64700;0.24
Chr1;64701;64800;0.24
Chr1;64801;64900;0.24
Chr1;64901;65000;0.3
Chr1;65001;65100;0.21
Chr1;65101;65200;0.13
Chr1;65201;65300;0.21
Chr1;65301;65400;0.14
Chr1;65401;65500;0.27
Chr1;65501;65600;0.22
Chr1;65601;65700;0.16
Chr1;65701;65800;0.22
Chr1;65801;65900;0.2
Chr1;65901;66000;0.24
Chr1;66001;66100;0.22
Chr1;66101;66200;0.16
Chr1;66201;66300;0.12
Chr1;66301;66400;0.25
Chr1;66401;66500;0.22
Chr1;66501;66600;0.22
Chr1;66601;66700;0.27
Chr1;66701;66800;0.2
Chr1;66801;66900;0.2
Chr1;66901;67000;0.15
Chr1;67001;67100;0.19
Chr1;67101;67200;0.16
Chr1;67201;67300;0.23
Chr1;67301;67400;0.25
Chr1;67401;67500;0.16
Chr1;67501;67600;0.18
Chr1;67601;67700;0.17
Chr1;67701;67800;0.22
Chr1;67801;67900;0.2
Chr1;67901;68000;0.22
Chr1;68001;68100;0.22
Chr1;68101;68200;0.2
Chr1;68201;68300;0.14
Chr1;68301;68400;0.2
Chr1;68401;68500;0.26
Chr1;68501;68600;0.22
Chr1;68601;68700;0.27
Chr1;68701;68800;0.28
Chr1;68801;68900;0.1
Chr1;68901;69000;0.26
Chr1;69001;69100;0.21
Chr1;69101;69200;0.24
Chr1;69201;69300;0.21
Chr1;69301;69400;0.16
Chr1;69401;69500;0.2
Chr1;69501;69600;0.31
Chr1;69601;69700;0.22
Chr1;69701;69800;0.19
Chr1;69801;69900;0.14
Chr1;69901;70000;0.12
Chr1;70001;70100;0.18
Chr1;70101;70200;0.26
Chr1;70201;70300;0.47
Chr1;70301;70400;0.22
Chr1;70401;70500;0.1
Chr1;70501;70600;0.12
Chr1;70601;70700;0.3
Chr1;70701;70800;0.29
Chr1;70801;70900;0.36
Chr1;70901;71000;0.37
Chr1;71001;71100;0.4
Chr1;71101;71200;1
Chr1;71201;71300;1
Chr1;71301;71400;0.94
Chr1;71401;71500;0.16
Chr1;71501;71600;0.23
Chr1;71601;71700;0.18
Chr1;71701;71800;0.21
Chr1;71801;71900;0.17
Chr1;71901;72000;0.35
Chr1;72001;72100;0.18
Chr1;72101;72200;0.25
Chr1;72201;72300;0.36
Chr1;72301;72400;0.24
Chr1;72401;72500;0.24
Chr1;72501;72600;0.17
Chr1;72601;72700;0.22
Chr1;72701;72800;0.17
Chr1;72801;72900;0.13
Chr1;72901;73000;0.13
Chr1;73001;73100;0.26
Chr1;73101;73200;0.17
Chr1;73201;73300;0.21
Chr1;73301;73400;0.25
Chr1;73401;73500;0.28
Chr1;73501;73600;0.2
Chr1;73601;73700;0.19
Chr1;73701;73800;0.22
Chr1;73801;73900;0.21
Chr1;73901;74000;0.28
Chr1;74001;74100;0.3
Chr1;74101;74200;0.17
Chr1;74201;74300;0.19
Chr1;74301;74400;0.29
Chr1;74401;74500;0.17
Chr1;74501;74600;0.13
Chr1;74601;74700;0.2
Chr1;74701;74800;0.2
Chr1;74801;74900;0.21
Chr1;74901;75000;0.2
Chr1;75001;75100;0.2
Chr1;75101;75200;0.19
Chr1;75201;75300;0.2
Chr1;75301;75400;0.21
Chr1;75401;75500;0.19
Chr1;75501;75600;0.24
Chr1;75601;75700;0.19
Chr1;75701;75800;0.22
Chr1;75801;75900;0.25
Chr1;75901;76000;0.27
Chr1;76001;76100;0.28
Chr1;76101;76200;0.2
Chr1;76201;76300;0.22
Chr1;76301;76400;0.21
Chr1;76401;76500;0.2
Chr1;76501;76600;0.2
Chr1;76601;76700;0.19
Chr1;76701;76800;0.19
Chr1;76801;76900;0.25
Chr1;76901;77000;0.21
Chr1;77001;77100;0.28
Chr1;77101;77200;0.21
Chr1;77201;77300;0.27
Chr1;77301;77400;0.27
Chr1;77401;77500;0.37
Chr1;77501;77600;0.24
Chr1;77601;77700;0.17
Chr1;77701;77800;0.27
Chr1;77801;77900;0.26
Chr1;77901;78000;0.18
Chr1;78001;78100;0.22
Chr1;78101;78200;0.16
Chr1;78201;78300;0.11
Chr1;78301;78400;0.28
Chr1;78401;78500;0.3
Chr1;78501;78600;0.26
Chr1;78601;78700;0.15
Chr1;78701;78800;0.18
Chr1;78801;78900;0.12
Chr1;78901;79000;0.14
Chr1;79001;79100;0.15
Chr1;79101;79200;0.19
Chr1;79201;79300;0.16
Chr1;79301;79400;0.23
Chr1;79401;79500;0.18
Chr1;79501;79600;0.23
Chr1;79601;79700;0.21
Chr1;79701;79800;0.11
Chr1;79801;79900;0.15
Chr1;79901;80000;0.08
Chr1;80001;80100;0.25
Chr1;80101;80200;0.35
Chr1;80201;80300;0.3
Chr1;80301;80400;0.52
Chr1;80401;80500;1
Chr1;80501;80600;0.36
Chr1;80601;80700;0.43
Chr1;80701;80800;0.11
Chr1;80801;80900;0.33
Chr1;80901;81000;0.29
Chr1;81001;81100;0.36
Chr1;81101;81200;0.2
Chr1;81201;81300;0.14
Chr1;81301;81400;0.16
Chr1;81401;81500;0.25
Chr1;81501;81600;0.24
Chr1;81601;81700;0.24
Chr1;81701;81800;0.21
Chr1;81801;81900;0.2
Chr1;81901;82000;0.16
Chr1;82001;82100;0.12
Chr1;82101;82200;0.28
Chr1;82201;82300;0.25
Chr1;82301;82400;0.18
Chr1;82401;82500;0.28
Chr1;82501;82600;0.16
Chr1;82601;82700;0.2
Chr1;82701;82800;0.16
Chr1;82801;82900;0.13
Chr1;82901;83000;0.21
Chr1;83001;83100;0.11
Chr1;83101;83200;0.12
Chr1;83201;83300;0.24
Chr1;83301;83400;0.31
Chr1;83401;83500;0.25
Chr1;83501;83600;0.27
Chr1;83601;83700;0.33
Chr1;83701;83800;0.22
Chr1;83801;83900;0.16
Chr1;83901;84000;0.22
Chr1;84001;84100;0.25
Chr1;84101;84200;0.28
Chr1;84201;84300;0.12
Chr1;84301;84400;0.23
Chr1;84401;84500;0.23
Chr1;84501;84600;0.14
Chr1;84601;84700;0.26
Chr1;84701;84800;0.22
Chr1;84801;84900;0.15
Chr1;84901;85000;0.18
Chr1;85001;85100;0.2
Chr1;85101;85200;0.28
Chr1;85201;85300;0.21
Chr1;85301;85400;0.15
Chr1;85401;85500;0.13
Chr1;85501;85600;0.27
Chr1;85601;85700;0.15
Chr1;85701;85800;0.2
Chr1;85801;85900;0.24
Chr1;85901;86000;0.17
Chr1;86001;86100;0.23
Chr1;86101;86200;0.1
Chr1;86201;86300;0.23
Chr1;86301;86400;0.29
Chr1;86401;86500;0.31
Chr1;86501;86600;0.16
Chr1;86601;86700;0.17
Chr1;86701;86800;0.23
Chr1;86801;86900;0.18
Chr1;86901;87000;0.2
Chr1;87001;87100;0.18
Chr1;87101;87200;0.21
Chr1;87201;87300;0.21
Chr1;87301;87400;0.24
Chr1;87401;87500;0.2
Chr1;87501;87600;0.21
Chr1;87601;87700;0.25
Chr1;87701;87800;0.25
Chr1;87801;87900;0.14
Chr1;87901;88000;0.23
Chr1;88001;88100;0.27
Chr1;88101;88200;0.22
Chr1;88201;88300;0.21
Chr1;88301;88400;0.22
Chr1;88401;88500;0.17
Chr1;88501;88600;0.15
Chr1;88601;88700;0.19
Chr1;88701;88800;0.24
Chr1;88801;88900;0.2
Chr1;88901;89000;0.19
Chr1;89001;89100;0.17
Chr1;89101;89200;0.15
Chr1;89201;89300;0.16
Chr1;89301;89400;0.22
Chr1;89401;89500;0.2
Chr1;89501;89600;0.2
Chr1;89601;89700;0.19
Chr1;89701;89800;0.29
Chr1;89801;89900;0.27
Chr1;89901;90000;0.26
Chr1;90001;90100;0.3
Chr1;90101;90200;0.28
Chr1;90201;90300;0.24
Chr1;90301;90400;0.22
Chr1;90401;90500;0.27
Chr1;90501;90600;0.17
Chr1;90601;90700;0.12
Chr1;90701;90800;0.14
Chr1;90801;90900;0.3
Chr1;90901;91000;0.15
Chr1;91001;91100;0.32
Chr1;91101;91200;0.22
Chr1;91201;91300;0.27
Chr1;91301;91400;0.17
Chr1;91401;91500;0.28
Chr1;91501;91600;0.1
Chr1;91601;91700;0.15
Chr1;91701;91800;0.16
Chr1;91801;91900;0.19
Chr1;91901;92000;0.15
Chr1;92001;92100;0.21
Chr1;92101;92200;0.26
Chr1;92201;92300;0.16
Chr1;92301;92400;0.2
Chr1;92401;92500;0.15
Chr1;92501;92600;0.17
Chr1;92601;92700;0.16
Chr1;92701;92800;0.21
Chr1;92801;92900;0.19
Chr1;92901;93000;0.13
Chr1;93001;93100;0.18
Chr1;93101;93200;0.25
Chr1;93201;93300;0.22
Chr1;93301;93400;0.22
Chr1;93401;93500;0.27
Chr1;93501;93600;0.12
Chr1;93601;93700;0.16
Chr1;93701;93800;0.17
Chr1;93801;93900;0.24
Chr1;93901;94000;0.22
Chr1;94001;94100;0.16
Chr1;94101;94200;0.23
Chr1;94201;94300;0.18
Chr1;94301;94400;0.16
Chr1;94401;94500;0.27
Chr1;94501;94600;0.17
Chr1;94601;94700;0.18
Chr1;94701;94800;0.27
Chr1;94801;94900;0.19
Chr1;94901;95000;0.18
Chr1;95001;95100;0.16
Chr1;95101;95200;0.17
Chr1;95201;95300;0.17
Chr1;95301;95400;0.25
Chr1;95401;95500;0.18
Chr1;95501;95600;0.2
Chr1;95601;95700;0.18
Chr1;95701;95800;0.11
Chr1;95801;95900;0.19
Chr1;95901;96000;0.11
Chr1;96001;96100;0.18
Chr1;96101;96200;0.23
Chr1;96201;96300;0.17
Chr1;96301;96400;0.25
Chr1;96401;96500;0.2
Chr1;96501;96600;0.27
Chr1;96601;96700;0.17
Chr1;96701;96800;0.15
Chr1;96801;96900;0.16
Chr1;96901;97000;0.15
Chr1;97001;97100;0.17
Chr1;97101;97200;0.14
Chr1;97201;97300;0.17
Chr1;97301;97400;0.22
Chr1;97401;97500;0.2
Chr1;97501;97600;0.23
Chr1;97601;97700;0.22
Chr1;97701;97800;0.22
Chr1;97801;97900;0.18
Chr1;97901;98000;0.18
Chr1;98001;98100;0.2
Chr1;98101;98200;0.19
Chr1;98201;98300;0.14
Chr1;98301;98400;0.21
Chr1;98401;98500;0.17
Chr1;98501;98600;0.14
Chr1;98601;98700;0.18
Chr1;98701;98800;0.21
Chr1;98801;98900;0.25
Chr1;98901;99000;0.23
Chr1;99001;99100;0.25
Chr1;99101;99200;0.19
Chr1;99201;99300;0.19
Chr1;99301;99400;0.24
Chr1;99401;99500;0.2
Chr1;99501;99600;0.21
Chr1;99601;99700;0.21
Chr1;99701;99800;0.16
Chr1;99801;99900;0.2
Chr1;99901;100000;0.27
Chr1;100001;100100;0.18
Chr1;100101;100200;0.31
Chr1;100201;100300;0.23
Chr1;100301;100400;0.12
Chr1;100401;100500;0.16
Chr1;100501;100600;0.12
Chr1;100601;100700;0.14
Chr1;100701;100800;0.12
Chr1;100801;100900;0.12
Chr1;100901;101000;0.23
Chr1;101001;101100;0.17
Chr1;101101;101200;0.24
Chr1;101201;101300;0.31
Chr1;101301;101400;0.35
Chr1;101401;101500;0.13
Chr1;101501;101600;0.28
Chr1;101601;101700;0.28
Chr1;101701;101800;0.33
Chr1;101801;101900;0.42
Chr1;101901;102000;0.14
Chr1;102001;102100;0.33
Chr1;102101;102200;0.89
Chr1;102201;102300;1
Chr1;102301;102400;1
Chr1;102401;102500;1
Chr1;102501;102600;1
Chr1;102601;102700;1
Chr1;102701;102800;1
Chr1;102801;102900;0.76
Chr1;102901;103000;0.19
Chr1;103001;103100;0.24
Chr1;103101;103200;0.34
Chr1;103201;103300;0.2
Chr1;103301;103400;0.33
Chr1;103401;103500;0.2
Chr1;103501;103600;0.16
Chr1;103601;103700;0.21
Chr1;103701;103800;0.1
Chr1;103801;103900;0.16
Chr1;103901;104000;0.28
Chr1;104001;104100;0.16
Chr1;104101;104200;0.2
Chr1;104201;104300;0.22
Chr1;104301;104400;0.11
Chr1;104401;104500;0.2
Chr1;104501;104600;0.22
Chr1;104601;104700;0.27
Chr1;104701;104800;0.27
Chr1;104801;104900;0.23
Chr1;104901;105000;0.21
Chr1;105001;105100;0.18
Chr1;105101;105200;0.3
Chr1;105201;105300;0.23
Chr1;105301;105400;0.26
Chr1;105401;105500;0.24
Chr1;105501;105600;0.17
Chr1;105601;105700;0.3
Chr1;105701;105800;0.23
Chr1;105801;105900;0.32
Chr1;105901;106000;0.24
Chr1;106001;106100;0.21
Chr1;106101;106200;0.24
Chr1;106201;106300;0.18
Chr1;106301;106400;0.15
Chr1;106401;106500;0.14
Chr1;106501;106600;0.12
Chr1;106601;106700;0.34
Chr1;106701;106800;0.28
Chr1;106801;106900;0.29
Chr1;106901;107000;0.17
Chr1;107001;107100;0.14
Chr1;107101;107200;0.25
Chr1;107201;107300;0.23
Chr1;107301;107400;0.13
Chr1;107401;107500;0.15
Chr1;107501;107600;0.19
Chr1;107601;107700;0.16
Chr1;107701;107800;0.14
Chr1;107801;107900;0.2
Chr1;107901;108000;0.18
Chr1;108001;108100;0.16
Chr1;108101;108200;0.24
Chr1;108201;108300;0.16
Chr1;108301;108400;0.17
Chr1;108401;108500;0.14
Chr1;108501;108600;0.13
Chr1;108601;108700;0.12
Chr1;108701;108800;0.13
Chr1;108801;108900;0.23
Chr1;108901;109000;0.24
Chr1;109001;109100;0.18
Chr1;109101;109200;0.22
Chr1;109201;109300;0.18
Chr1;109301;109400;0.2
Chr1;109401;109500;0.18
Chr1;109501;109600;0.17
Chr1;109601;109700;0.2
Chr1;109701;109800;0.19
Chr1;109801;109900;0.21
Chr1;109901;110000;0.22
Chr1;110001;110100;0.24
Chr1;110101;110200;0.16
Chr1;110201;110300;0.16
Chr1;110301;110400;0.3
Chr1;110401;110500;0.84
Chr1;110501;110600;1
Chr1;110601;110700;1
Chr1;110701;110800;1
Chr1;110801;110900;1
Chr1;110901;111000;1
Chr1;111001;111100;1
Chr1;111101;111200;1
Chr1;111201;111300;1
Chr1;111301;111400;1
Chr1;111401;111453;0.55